{
    "metadata": {
        "normals": 8,
        "type": "Geometry",
        "uvs": 1,
        "version": 3,
        "vertices": 8,
        "generator": "io_three",
        "faces": 5
    },
    "uvs": [[0.0001,0.0001,0.0001,0.9999,0.9999,0.9999,0.9999,0.0001,0.0001,0.0001,0.000101,0.9999,0.9999,0.999899,0.9999,0.0001,0.9999,0.0001,0.0001,0.0001,0.0001,0.9999,0.9999,0.9999,0.9999,0.9999,0.9999,0.0001,0.0001,0.9999,0.9999,0.9999,0.9999,0.0001,0.0001,0.0001,0.0001,0.9999]],
    "normals": [0.707083,-0.707083,0,0.577349,-0.577349,0.577349,-0.577349,-0.577349,0.577349,-0.707083,-0.707083,0,0.707083,0.707083,0,-0.707083,0.707083,0,-0.577349,0.577349,0.577349,0.577349,0.577349,0.577349],
    "name": "CubeGeometry.2",
    "vertices": [0.5,-0.5,0,0.5,-0.5,1,-0.5,-0.5,1,-0.5,-0.5,-0,0.5,0.5,0,0.5,0.5,1,-0.5,0.5,1,-0.5,0.5,-0],
    "faces": [41,0,1,2,3,0,1,2,3,0,1,2,3,41,4,7,6,5,4,5,6,7,4,5,6,7,41,0,4,5,1,8,9,10,11,0,4,7,1,41,2,6,7,3,12,13,0,14,2,6,5,3,41,2,1,5,6,15,16,17,18,2,1,7,6]
}